Persentase Bayi Baru Lahir Yang Mendapatkan Pelayanan Kesehatan Bayi Baru Lahir Menurut Kecamatan di Kota Tangerang Selatan Tahun 2022;;;
;;;
Kecamatan;Jumlah bayi baru lahir mendapatkan layanan kesehatan;Jumlah bayi baru lahir di kabupaten/kota;Persentase bayi baru lahir mendapatkan pelayanan kesehatan
Serpong;2321;2321;100%
Serpong Utara;2009;2009;100%
Pondok Aren;4427;4427;100%
Ciputat;3131;3131;100%
Ciputat Timur;2582;2582;100%
Pamulang;4583;4583;100%
Setu;1262;1262;100%
Total;20315;20315;100%
