Jumlah dan Persentase Anak Umur 12-23 Bulan Yang Menerima Imunisasi Dasar Lengkap Menurut Kecamatan di Kota Tangerang Selatan Tahun 2022;;;
;;;
Kecamatan;Jumlah anak umur-12-23 bulan yang meneriman imunisasi dasar lengkap;Jumlah anak umur 12-23 bulan;Persentase anak umur 12-23 bulan yang menerima imunisasi dasar lengkap (%)
Serpong;2966;3036;97,69%
Serpong Utara;2536;2655;95,52%
Pondok Aren;5570;5710;97,55%
Ciputat;4052;4201;96,45%
Ciputat Timur;3299;3353;98,39%
Pamulang;5956;6145;96,92%
Setu;1650;1691;97,58%
Total;26029;26791;97,16%
