Jumlah dan Persentase Bayi Usia Kurang Dari 6 Bulan Yang Mendapatkan ASI Eksklusif Menurut Kecamatan di Kota Tangerang Selatan Tahun 2022;;;
;;;
Kecamatan;Jumlah bayi usia kurang dari 6 bulan yang mendapat ASI ekslusif;Jumlah bayi usia kurang dari 6 bulan;Persentase bayi usia < 6 bulan mendapatkan ASI eksklusif
Serpong;826;1027;80,43%
Serpong Utara;257;421;61,05%
Pondok Aren;991;1479;67,00%
Ciputat;702;1027;68,35%
Ciputat Timur;372;552;67,39%
Pamulang;1161;1777;65,33%
Setu;236;389;60,67%
