Jumlah Pelayanan dan Perawatan Ibu Hamil Menurut Jenis dan Kecamatan di Kota Tangerang Selatan Tahun 2022;;;;;
;;;;;
Kecamatan;Ibu Hamil Mendapat Pelayanan Antenatal K1;Ibu Hamil Mendapat Pelayanan Antenatal K4;Ibu Hamil Dengan Lila < 23,5 Cm;Ibu Hamil Penderita Kekurangan Energi Kronis (KEK);Ibu Hamil Penderita Kurang Darah
Serpong;2638;2638;168;168;213
Serpong Utara;2284;2284;43;43;67
Pondok Aren;5028;5028;209;209;219
Ciputat;3559;3559;180;180;292
Ciputat Timur;2935;2935;134;134;166
Pamulang;5209;5209;252;252;462
Setu;1439;1439;83;83;70
Total;23092;23092;1069;1069;1489
