Jumlah Pelayanan dan Perawatan Bayi Menurut Jenis dan Kecamatan di Kota Tangerang Selatan Tahun 2022;;;;;;;;;
;;;;;;;;;
Kecamatan;Bayi Usia Kurang Dari 6 Bulan Yang Mendapat ASI Eksklusif;Pemberian Makanan Pendamping ASI Pada Anak Usia 6-24 Bulan;Bayi Baru Lahir Mendapat Inisiasi Menyusui Dini (IMD);Neonatus Dengan Komplikasi Yang Ditangani;Neonatal Mendapat Pelayanan KN1;Balita Kurus Yang Mendapat Makanan Tambahan;Bayi Yang Mendapat Imunisasi;Bayi Berat Badan Lahir Rendah;Bayi Bergizi Buruk
Serpong;826;2636;2876;290;2321;198;2988;18;1
Serpong Utara;257;1893;2009;402;2009;41;2643;1;0
Pondok Aren;991;4147;4396;755;4427;196;5612;83;2
Ciputat;702;914;3357;482;3131;154;4173;65;2
Ciputat Timur;372;3005;2688;506;2582;126;3360;33;0
Pamulang;1161;4742;4452;769;4583;185;6167;54;0
Setu;236;772;1528;204;1262;156;1663;10;2
Total;4545;18109;21306;3408;20315;1056;26606;264;7
